Workbook

Sheet Gas_enthalpy
C1: Pressure (atm)
A2: T (K) | B2: 0.01 | C2: 0.1 | D2: 1
A3: 200 | B3: -7246500 | C3: -7246500 | D3: -7246500
A4: 225 | B4: -7208400 | C4: -7208400 | D4: -7208400
A5: 250 | B5: -7169800 | C5: -7169800 | D5: -7169800
A6: 275 | B6: -7130400 | C6: -7130400 | D6: -7130400
A7: 300 | B7: -7090000 | C7: -7090100 | D7: -7090100
A8: 325 | B8: -7048500 | C8: -7048700 | D8: -7048800
A9: 350 | B9: -7005400 | C9: -7006100 | D9: -7006300
A10: 375 | B10: -6960100 | C10: -6961900 | D10: -6962500
A11: 400 | B11: -6911500 | C11: -6915800 | D11: -6917100
A12: 425 | B12: -6858100 | C12: -6867100 | D12: -6870000
A13: 450 | B13: -6797600 | C13: -6815200 | D13: -6821000
A14: 475 | B14: -6727400 | C14: -6758900 | D14: -6769500
... A154: 3975 | B154: 54293000 | C154: 49505000 | D154: 36278000

Sheet Gas_density
C1: Pressure (atm)
A2: T (K) | B2: 0.01 | C2: 0.1 | D2: 1
A3: 200 | B3: 0.013403 | C3: 0.13403 | D3: 1.3403
A4: 225 | B4: 0.011913 | C4: 0.11913 | D4: 1.1913
A5: 250 | B5: 0.010722 | C5: 0.10722 | D5: 1.0722
A6: 275 | B6: 0.0097473 | C6: 0.097473 | D6: 0.97473
A7: 300 | B7: 0.0089348 | C7: 0.08935 | D7: 0.8935
A8: 325 | B8: 0.008247 | C8: 0.082475 | D8: 0.82477
A9: 350 | B9: 0.0076566 | C9: 0.07658 | D9: 0.76584
A10: 375 | B10: 0.007143 | C10: 0.071465 | D10: 0.71475
A11: 400 | B11: 0.0066904 | C11: 0.066978 | D11: 0.67002
A12: 425 | B12: 0.0062856 | C12: 0.063002 | D12: 0.63049
A13: 450 | B13: 0.0059176 | C13: 0.05944 | D13: 0.59526
A14: 475 | B14: 0.0055772 | C14: 0.056212 | D14: 0.56361
... A154: 3975 | B154: 0.00017426 | C154: 0.0018317 | D154: 0.021775

Sheet Gas_energy
C1: Pressure (atm)
A2: T (K) | B2: 0.01 | C2: 0.1 | D2: 1
A3: 200 | B3: =Gas_enthalpy!B3-287*Gas_enthalpy!$A3 -> -7303900 | C3: =Gas_enthalpy!C3-287*Gas_enthalpy!$A3 -> -7303900 | D3: =Gas_enthalpy!D3-287*Gas_enthalpy!$A3 -> -7303900
A4: 225 | B4: =Gas_enthalpy!B4-287*Gas_enthalpy!$A4 -> -7272975 | C4: =Gas_enthalpy!C4-287*Gas_enthalpy!$A4 -> -7272975 | D4: =Gas_enthalpy!D4-287*Gas_enthalpy!$A4 -> -7272975
A5: 250 | B5: =Gas_enthalpy!B5-287*Gas_enthalpy!$A5 -> -7241550 | C5: =Gas_enthalpy!C5-287*Gas_enthalpy!$A5 -> -7241550 | D5: =Gas_enthalpy!D5-287*Gas_enthalpy!$A5 -> -7241550
A6: 275 | B6: =Gas_enthalpy!B6-287*Gas_enthalpy!$A6 -> -7209325 | C6: =Gas_enthalpy!C6-287*Gas_enthalpy!$A6 -> -7209325 | D6: =Gas_enthalpy!D6-287*Gas_enthalpy!$A6 -> -7209325
A7: 300 | B7: =Gas_enthalpy!B7-287*Gas_enthalpy!$A7 -> -7176100 | C7: =Gas_enthalpy!C7-287*Gas_enthalpy!$A7 -> -7176200 | D7: =Gas_enthalpy!D7-287*Gas_enthalpy!$A7 -> -7176200
A8: 325 | B8: =Gas_enthalpy!B8-287*Gas_enthalpy!$A8 -> -7141775 | C8: =Gas_enthalpy!C8-287*Gas_enthalpy!$A8 -> -7141975 | D8: =Gas_enthalpy!D8-287*Gas_enthalpy!$A8 -> -7142075
A9: 350 | B9: =Gas_enthalpy!B9-287*Gas_enthalpy!$A9 -> -7105850 | C9: =Gas_enthalpy!C9-287*Gas_enthalpy!$A9 -> -7106550 | D9: =Gas_enthalpy!D9-287*Gas_enthalpy!$A9 -> -7106750
A10: 375 | B10: =Gas_enthalpy!B10-287*Gas_enthalpy!$A10 -> -7067725 | C10: =Gas_enthalpy!C10-287*Gas_enthalpy!$A10 -> -7069525 | D10: =Gas_enthalpy!D10-287*Gas_enthalpy!$A10 -> -7070125
A11: 400 | B11: =Gas_enthalpy!B11-287*Gas_enthalpy!$A11 -> -7026300 | C11: =Gas_enthalpy!C11-287*Gas_enthalpy!$A11 -> -7030600 | D11: =Gas_enthalpy!D11-287*Gas_enthalpy!$A11 -> -7031900
A12: 425 | B12: =Gas_enthalpy!B12-287*Gas_enthalpy!$A12 -> -6980075 | C12: =Gas_enthalpy!C12-287*Gas_enthalpy!$A12 -> -6989075 | D12: =Gas_enthalpy!D12-287*Gas_enthalpy!$A12 -> -6991975
A13: 450 | B13: =Gas_enthalpy!B13-287*Gas_enthalpy!$A13 -> -6926750 | C13: =Gas_enthalpy!C13-287*Gas_enthalpy!$A13 -> -6944350 | D13: =Gas_enthalpy!D13-287*Gas_enthalpy!$A13 -> -6950150
A14: 475 | B14: =Gas_enthalpy!B14-287*Gas_enthalpy!$A14 -> -6863725 | C14: =Gas_enthalpy!C14-287*Gas_enthalpy!$A14 -> -6895225 | D14: =Gas_enthalpy!D14-287*Gas_enthalpy!$A14 -> -6905825
... A154: 3975 | B154: =Gas_enthalpy!B154-287*Gas_enthalpy!$A154 -> 53152175 | C154: =Gas_enthalpy!C154-287*Gas_enthalpy!$A154 -> 48364175 | D154: =Gas_enthalpy!D154-287*Gas_enthalpy!$A154 -> 35137175

Sheet Gas_Cp
C1: Pressure (atm)
A2: T (K) | B2: 0.01 | C2: 0.1 | D2: 1
A3: 200 | B3: 1511.9 | C3: 1511.9 | D3: 1511.9
A4: 225 | B4: 1533.6 | C4: 1533.6 | D4: 1533.6
A5: 250 | B5: 1559.9 | C5: 1559.7 | D5: 1559.7
A6: 275 | B6: 1593.3 | C6: 1592.3 | D6: 1592.1
A7: 300 | B7: 1635.4 | C7: 1631.9 | D7: 1630.8
A8: 325 | B8: 1689.9 | C8: 1678.9 | D8: 1675.5
A9: 350 | B9: 1763.8 | C9: 1735 | D9: 1725.9
A10: 375 | B10: 1869.9 | C10: 1803.7 | D10: 1782.6
A11: 400 | B11: 2027.1 | C11: 1890.6 | D11: 1846.7
A12: 425 | B12: 2259.7 | C12: 2004.2 | D12: 1920.5
A13: 450 | B13: 2593 | C13: 2155.4 | D13: 2007.5
A14: 475 | B14: 3046.8 | C14: 2357.3 | D14: 2112.4
... A154: 3975 | B154: 7053.4 | C154: 20335 | D154: 31126

Sheet Gas_properties_full
B1: h (J/kg) (0.01atm) | C1: h (J/kg) (0.1atm) | D1: h (J/kg) (1atm) | E1: rho (kg/m^3) (0.01atm) | F1: rho (kg/m^3) (0.1atm) | G1: rho (kg/m^3) (1atm) | H1: e (J/kg) (0.01atm) | I1: e (J/kg) (0.1atm) | J1: e (J/kg) (1atm) | K1: Cp (J/kg-K) (0.01atm) | L1: Cp (J/kg-K) (0.1atm) | M1: Cp (J/kg-K) (1atm)
A2: T (K) | B2: 0.01 | C2: 0.1 | D2: 1 | E2: 0.01 | F2: 0.1 | G2: 1 | H2: 0.01 | I2: 0.1 | J2: 1 | K2: 0.01 | L2: 0.1 | M2: 1
A3: 200 | B3: -7246500 | C3: -7246500 | D3: -7246500 | E3: 0.013403 | F3: 0.13403 | G3: 1.3403 | H3: =B3-287*$A3 -> -7303900 | I3: =C3-287*$A3 -> -7303900 | J3: =D3-287*$A3 -> -7303900 | K3: 1511.9 | L3: 1511.9 | M3: 1511.9
A4: 225 | B4: -7208400 | C4: -7208400 | D4: -7208400 | E4: 0.011913 | F4: 0.11913 | G4: 1.1913 | H4: =B4-287*$A4 -> -7272975 | I4: =C4-287*$A4 -> -7272975 | J4: =D4-287*$A4 -> -7272975 | K4: 1533.6 | L4: 1533.6 | M4: 1533.6
A5: 250 | B5: -7169800 | C5: -7169800 | D5: -7169800 | E5: 0.010722 | F5: 0.10722 | G5: 1.0722 | H5: =B5-287*$A5 -> -7241550 | I5: =C5-287*$A5 -> -7241550 | J5: =D5-287*$A5 -> -7241550 | K5: 1559.9 | L5: 1559.7 | M5: 1559.7
A6: 275 | B6: -7130400 | C6: -7130400 | D6: -7130400 | E6: 0.0097473 | F6: 0.097473 | G6: 0.97473 | H6: =B6-287*$A6 -> -7209325 | I6: =C6-287*$A6 -> -7209325 | J6: =D6-287*$A6 -> -7209325 | K6: 1593.3 | L6: 1592.3 | M6: 1592.1
A7: 300 | B7: -7090000 | C7: -7090100 | D7: -7090100 | E7: 0.0089348 | F7: 0.08935 | G7: 0.8935 | H7: =B7-287*$A7 -> -7176100 | I7: =C7-287*$A7 -> -7176200 | J7: =D7-287*$A7 -> -7176200 | K7: 1635.4 | L7: 1631.9 | M7: 1630.8
A8: 325 | B8: -7048500 | C8: -7048700 | D8: -7048800 | E8: 0.008247 | F8: 0.082475 | G8: 0.82477 | H8: =B8-287*$A8 -> -7141775 | I8: =C8-287*$A8 -> -7141975 | J8: =D8-287*$A8 -> -7142075 | K8: 1689.9 | L8: 1678.9 | M8: 1675.5
A9: 350 | B9: -7005400 | C9: -7006100 | D9: -7006300 | E9: 0.0076566 | F9: 0.07658 | G9: 0.76584 | H9: =B9-287*$A9 -> -7105850 | I9: =C9-287*$A9 -> -7106550 | J9: =D9-287*$A9 -> -7106750 | K9: 1763.8 | L9: 1735 | M9: 1725.9
A10: 375 | B10: -6960100 | C10: -6961900 | D10: -6962500 | E10: 0.007143 | F10: 0.071465 | G10: 0.71475 | H10: =B10-287*$A10 -> -7067725 | I10: =C10-287*$A10 -> -7069525 | J10: =D10-287*$A10 -> -7070125 | K10: 1869.9 | L10: 1803.7 | M10: 1782.6
A11: 400 | B11: -6911500 | C11: -6915800 | D11: -6917100 | E11: 0.0066904 | F11: 0.066978 | G11: 0.67002 | H11: =B11-287*$A11 -> -7026300 | I11: =C11-287*$A11 -> -7030600 | J11: =D11-287*$A11 -> -7031900 | K11: 2027.1 | L11: 1890.6 | M11: 1846.7
A12: 425 | B12: -6858100 | C12: -6867100 | D12: -6870000 | E12: 0.0062856 | F12: 0.063002 | G12: 0.63049 | H12: =B12-287*$A12 -> -6980075 | I12: =C12-287*$A12 -> -6989075 | J12: =D12-287*$A12 -> -6991975 | K12: 2259.7 | L12: 2004.2 | M12: 1920.5
A13: 450 | B13: -6797600 | C13: -6815200 | D13: -6821000 | E13: 0.0059176 | F13: 0.05944 | G13: 0.59526 | H13: =B13-287*$A13 -> -6926750 | I13: =C13-287*$A13 -> -6944350 | J13: =D13-287*$A13 -> -6950150 | K13: 2593 | L13: 2155.4 | M13: 2007.5
A14: 475 | B14: -6727400 | C14: -6758900 | D14: -6769500 | E14: 0.0055772 | F14: 0.056212 | G14: 0.56361 | H14: =B14-287*$A14 -> -6863725 | I14: =C14-287*$A14 -> -6895225 | J14: =D14-287*$A14 -> -6905825 | K14: 3046.8 | L14: 2357.3 | M14: 2112.4
... A154: 3975 | B154: 54293000 | C154: 49505000 | D154: 36278000 | E154: 0.00017426 | F154: 0.0018317 | G154: 0.021775 | H154: =B154-287*$A154 -> 53152175 | I154: =C154-287*$A154 -> 48364175 | J154: =D154-287*$A154 -> 35137175 | K154: 7053.4 | L154: 20335 | M154: 31126
