Workbook

Sheet Air_enthalpy
B1: Pressure (atm)
A2: Temp (K) | B2: 0.001 | C2: 0.01 | D2: 0.1 | E2: 1
A3: 250 | B3: -2680985.5 | C3: -2680985.5 | D3: -2680985.5 | E3: -2680985.5
A4: 275 | B4: -2656727 | C4: -2656727 | D4: -2656727 | E4: -2656727
A5: 300 | B5: -2632263.6 | C5: -2632263.6 | D5: -2632263.6 | E5: -2632263.6
A6: 325 | B6: -2607601.5 | C6: -2607601.5 | D6: -2607601.5 | E6: -2607601.5
A7: 350 | B7: -2582745.7 | C7: -2582745.9 | D7: -2582745.9 | E7: -2582746
A8: 375 | B8: -2557698.4 | C8: -2557699.6 | D8: -2557700 | E8: -2557700.1
A9: 400 | B9: -2532455.5 | C9: -2532462.6 | D9: -2532464.8 | E9: -2532465.5
A10: 425 | B10: -2506995.2 | C10: -2507028 | D10: -2507038.4 | E10: -2507041.7
A11: 450 | B11: -2481243.7 | C11: -2481372.1 | D11: -2481412.7 | E11: -2481425.6
A12: 475 | B12: -2454992.7 | C12: -2455428.1 | D12: -2455565.9 | E12: -2455609.4
A13: 500 | B13: -2427724.6 | C13: -2429031.1 | D13: -2429444.5 | E13: -2429575.2
A14: 525 | B14: -2398286.9 | C14: -2401814.1 | D14: -2402931.3 | E14: -2403284.8
... A153: 4000 | B153: 26742214 | C153: 27337050 | D153: 28720380 | E153: 26990399

Sheet Air_density
B1: Pressure (atm)
A2: Temp (K) | B2: 0.001 | C2: 0.01 | D2: 0.1 | E2: 1
A3: 250 | B3: =(B$2*101300)/(287*$A3) -> 0.0014118467 | C3: =(C$2*101300)/(287*$A3) -> 0.014118467 | D3: =(D$2*101300)/(287*$A3) -> 0.14118467 | E3: =(1*101300)/(287*$A3) -> 1.4118467
A4: 275 | B4: =(B$2*101300)/(287*$A4) -> 0.001283497 | C4: =(C$2*101300)/(287*$A4) -> 0.01283497 | D4: =(D$2*101300)/(287*$A4) -> 0.1283497 | E4: =(1*101300)/(287*$A4) -> 1.283497
A5: 300 | B5: =(B$2*101300)/(287*$A5) -> 0.0011765389 | C5: =(C$2*101300)/(287*$A5) -> 0.011765389 | D5: =(D$2*101300)/(287*$A5) -> 0.11765389 | E5: =(1*101300)/(287*$A5) -> 1.1765389
A6: 325 | B6: =(B$2*101300)/(287*$A6) -> 0.0010860359 | C6: =(C$2*101300)/(287*$A6) -> 0.010860359 | D6: =(D$2*101300)/(287*$A6) -> 0.10860359 | E6: =(1*101300)/(287*$A6) -> 1.0860359
A7: 350 | B7: =(B$2*101300)/(287*$A7) -> 0.0010084619 | C7: =(C$2*101300)/(287*$A7) -> 0.010084619 | D7: =(D$2*101300)/(287*$A7) -> 0.10084619 | E7: =(1*101300)/(287*$A7) -> 1.0084619
A8: 375 | B8: =(B$2*101300)/(287*$A8) -> 0.00094123113 | C8: =(C$2*101300)/(287*$A8) -> 0.0094123113 | D8: =(D$2*101300)/(287*$A8) -> 0.094123113 | E8: =(1*101300)/(287*$A8) -> 0.94123113
A9: 400 | B9: =(B$2*101300)/(287*$A9) -> 0.00088240418 | C9: =(C$2*101300)/(287*$A9) -> 0.0088240418 | D9: =(D$2*101300)/(287*$A9) -> 0.088240418 | E9: =(1*101300)/(287*$A9) -> 0.88240418
A10: 425 | B10: =(B$2*101300)/(287*$A10) -> 0.00083049805 | C10: =(C$2*101300)/(287*$A10) -> 0.0083049805 | D10: =(D$2*101300)/(287*$A10) -> 0.083049805 | E10: =(1*101300)/(287*$A10) -> 0.83049805
A11: 450 | B11: =(B$2*101300)/(287*$A11) -> 0.00078435927 | C11: =(C$2*101300)/(287*$A11) -> 0.0078435927 | D11: =(D$2*101300)/(287*$A11) -> 0.078435927 | E11: =(1*101300)/(287*$A11) -> 0.78435927
A12: 475 | B12: =(B$2*101300)/(287*$A12) -> 0.00074307721 | C12: =(C$2*101300)/(287*$A12) -> 0.0074307721 | D12: =(D$2*101300)/(287*$A12) -> 0.074307721 | E12: =(1*101300)/(287*$A12) -> 0.74307721
A13: 500 | B13: =(B$2*101300)/(287*$A13) -> 0.00070592334 | C13: =(C$2*101300)/(287*$A13) -> 0.0070592334 | D13: =(D$2*101300)/(287*$A13) -> 0.070592334 | E13: =(1*101300)/(287*$A13) -> 0.70592334
A14: 525 | B14: =(B$2*101300)/(287*$A14) -> 0.00067230795 | C14: =(C$2*101300)/(287*$A14) -> 0.0067230795 | D14: =(D$2*101300)/(287*$A14) -> 0.067230795 | E14: =(1*101300)/(287*$A14) -> 0.67230795
... A153: 4000 | B153: =(B$2*101300)/(287*$A153) -> 8.8240418e-05 | C153: =(C$2*101300)/(287*$A153) -> 0.00088240418 | D153: =(D$2*101300)/(287*$A153) -> 0.0088240418 | E153: =(1*101300)/(287*$A153) -> 0.088240418

Sheet Air_energy
B1: Pressure (atm)
A2: Temp (K) | B2: 0.001 | C2: 0.01 | D2: 0.1 | E2: 1
A3: 250 | B3: =Air_enthalpy!B3-287*$A3 -> -2752735.5 | C3: =Air_enthalpy!C3-287*$A3 -> -2752735.5 | D3: =Air_enthalpy!D3-287*$A3 -> -2752735.5 | E3: =Air_enthalpy!E3-287*$A3 -> -2752735.5
A4: 275 | B4: =Air_enthalpy!B4-287*$A4 -> -2735652 | C4: =Air_enthalpy!C4-287*$A4 -> -2735652 | D4: =Air_enthalpy!D4-287*$A4 -> -2735652 | E4: =Air_enthalpy!E4-287*$A4 -> -2735652
A5: 300 | B5: =Air_enthalpy!B5-287*$A5 -> -2718363.6 | C5: =Air_enthalpy!C5-287*$A5 -> -2718363.6 | D5: =Air_enthalpy!D5-287*$A5 -> -2718363.6 | E5: =Air_enthalpy!E5-287*$A5 -> -2718363.6
A6: 325 | B6: =Air_enthalpy!B6-287*$A6 -> -2700876.5 | C6: =Air_enthalpy!C6-287*$A6 -> -2700876.5 | D6: =Air_enthalpy!D6-287*$A6 -> -2700876.5 | E6: =Air_enthalpy!E6-287*$A6 -> -2700876.5
A7: 350 | B7: =Air_enthalpy!B7-287*$A7 -> -2683195.7 | C7: =Air_enthalpy!C7-287*$A7 -> -2683195.9 | D7: =Air_enthalpy!D7-287*$A7 -> -2683195.9 | E7: =Air_enthalpy!E7-287*$A7 -> -2683196
A8: 375 | B8: =Air_enthalpy!B8-287*$A8 -> -2665323.4 | C8: =Air_enthalpy!C8-287*$A8 -> -2665324.6 | D8: =Air_enthalpy!D8-287*$A8 -> -2665325 | E8: =Air_enthalpy!E8-287*$A8 -> -2665325.1
A9: 400 | B9: =Air_enthalpy!B9-287*$A9 -> -2647255.5 | C9: =Air_enthalpy!C9-287*$A9 -> -2647262.6 | D9: =Air_enthalpy!D9-287*$A9 -> -2647264.8 | E9: =Air_enthalpy!E9-287*$A9 -> -2647265.5
A10: 425 | B10: =Air_enthalpy!B10-287*$A10 -> -2628970.2 | C10: =Air_enthalpy!C10-287*$A10 -> -2629003 | D10: =Air_enthalpy!D10-287*$A10 -> -2629013.4 | E10: =Air_enthalpy!E10-287*$A10 -> -2629016.7
A11: 450 | B11: =Air_enthalpy!B11-287*$A11 -> -2610393.7 | C11: =Air_enthalpy!C11-287*$A11 -> -2610522.1 | D11: =Air_enthalpy!D11-287*$A11 -> -2610562.7 | E11: =Air_enthalpy!E11-287*$A11 -> -2610575.6
A12: 475 | B12: =Air_enthalpy!B12-287*$A12 -> -2591317.7 | C12: =Air_enthalpy!C12-287*$A12 -> -2591753.1 | D12: =Air_enthalpy!D12-287*$A12 -> -2591890.9 | E12: =Air_enthalpy!E12-287*$A12 -> -2591934.4
A13: 500 | B13: =Air_enthalpy!B13-287*$A13 -> -2571224.6 | C13: =Air_enthalpy!C13-287*$A13 -> -2572531.1 | D13: =Air_enthalpy!D13-287*$A13 -> -2572944.5 | E13: =Air_enthalpy!E13-287*$A13 -> -2573075.2
A14: 525 | B14: =Air_enthalpy!B14-287*$A14 -> -2548961.9 | C14: =Air_enthalpy!C14-287*$A14 -> -2552489.1 | D14: =Air_enthalpy!D14-287*$A14 -> -2553606.3 | E14: =Air_enthalpy!E14-287*$A14 -> -2553959.8
... A153: 4000 | B153: =Air_enthalpy!B153-287*$A153 -> 25594214 | C153: =Air_enthalpy!C153-287*$A153 -> 26189050 | D153: =Air_enthalpy!D153-287*$A153 -> 27572380 | E153: =Air_enthalpy!E153-287*$A153 -> 25842399

Sheet Air_Properties_full
A1: Temp (K) | B1: H (J/kg) (0.001atm) | C1: H (J/kg) (0.01atm) | D1: H (J/kg) (0.1atm) | E1: H (J/kg) (1atm) | F1: rho (kg/m3) (0.001atm) | G1: rho (kg/m3) (0.01atm) | H1: rho (kg/m3) (0.1atm) | I1: rho (kg/m3) (1atm) | J1: e (J/kg) (0.001atm) | K1: e (J/kg) (0.01atm) | L1: e (J/kg) (0.1atm) | M1: e (J/kg) (1atm)
A2: 250 | B2: -2680985.5 | C2: -2680985.5 | D2: -2680985.5 | E2: -2680985.5 | F2: =(0.001*101300)/(287*$A2) -> 0.0014118467 | G2: =(0.01*101300)/(287*$A2) -> 0.014118467 | H2: =(0.1*101300)/(287*$A2) -> 0.14118467 | I2: =(1*101300)/(287*$A2) -> 1.4118467 | J2: =B2-287*$A2 -> -2752735.5 | K2: =C2-287*$A2 -> -2752735.5 | L2: =D2-287*$A2 -> -2752735.5 | M2: =E2-287*$A2 -> -2752735.5
A3: 275 | B3: -2656727 | C3: -2656727 | D3: -2656727 | E3: -2656727 | F3: =(0.001*101300)/(287*A3) -> 0.001283497 | G3: =(0.01*101300)/(287*$A3) -> 0.01283497 | H3: =(0.1*101300)/(287*$A3) -> 0.1283497 | I3: =(1*101300)/(287*$A3) -> 1.283497 | J3: =B3-287*$A3 -> -2735652 | K3: =C3-287*$A3 -> -2735652 | L3: =D3-287*$A3 -> -2735652 | M3: =E3-287*$A3 -> -2735652
A4: 300 | B4: -2632263.6 | C4: -2632263.6 | D4: -2632263.6 | E4: -2632263.6 | F4: =(0.001*101300)/(287*A4) -> 0.0011765389 | G4: =(0.01*101300)/(287*$A4) -> 0.011765389 | H4: =(0.1*101300)/(287*$A4) -> 0.11765389 | I4: =(1*101300)/(287*$A4) -> 1.1765389 | J4: =B4-287*$A4 -> -2718363.6 | K4: =C4-287*$A4 -> -2718363.6 | L4: =D4-287*$A4 -> -2718363.6 | M4: =E4-287*$A4 -> -2718363.6
A5: 325 | B5: -2607601.5 | C5: -2607601.5 | D5: -2607601.5 | E5: -2607601.5 | F5: =(0.001*101300)/(287*A5) -> 0.0010860359 | G5: =(0.01*101300)/(287*$A5) -> 0.010860359 | H5: =(0.1*101300)/(287*$A5) -> 0.10860359 | I5: =(1*101300)/(287*$A5) -> 1.0860359 | J5: =B5-287*$A5 -> -2700876.5 | K5: =C5-287*$A5 -> -2700876.5 | L5: =D5-287*$A5 -> -2700876.5 | M5: =E5-287*$A5 -> -2700876.5
A6: 350 | B6: -2582745.7 | C6: -2582745.9 | D6: -2582745.9 | E6: -2582746 | F6: =(0.001*101300)/(287*A6) -> 0.0010084619 | G6: =(0.01*101300)/(287*$A6) -> 0.010084619 | H6: =(0.1*101300)/(287*$A6) -> 0.10084619 | I6: =(1*101300)/(287*$A6) -> 1.0084619 | J6: =B6-287*$A6 -> -2683195.7 | K6: =C6-287*$A6 -> -2683195.9 | L6: =D6-287*$A6 -> -2683195.9 | M6: =E6-287*$A6 -> -2683196
A7: 375 | B7: -2557698.4 | C7: -2557699.6 | D7: -2557700 | E7: -2557700.1 | F7: =(0.001*101300)/(287*A7) -> 0.00094123113 | G7: =(0.01*101300)/(287*$A7) -> 0.0094123113 | H7: =(0.1*101300)/(287*$A7) -> 0.094123113 | I7: =(1*101300)/(287*$A7) -> 0.94123113 | J7: =B7-287*$A7 -> -2665323.4 | K7: =C7-287*$A7 -> -2665324.6 | L7: =D7-287*$A7 -> -2665325 | M7: =E7-287*$A7 -> -2665325.1
A8: 400 | B8: -2532455.5 | C8: -2532462.6 | D8: -2532464.8 | E8: -2532465.5 | F8: =(0.001*101300)/(287*A8) -> 0.00088240418 | G8: =(0.01*101300)/(287*$A8) -> 0.0088240418 | H8: =(0.1*101300)/(287*$A8) -> 0.088240418 | I8: =(1*101300)/(287*$A8) -> 0.88240418 | J8: =B8-287*$A8 -> -2647255.5 | K8: =C8-287*$A8 -> -2647262.6 | L8: =D8-287*$A8 -> -2647264.8 | M8: =E8-287*$A8 -> -2647265.5
A9: 425 | B9: -2506995.2 | C9: -2507028 | D9: -2507038.4 | E9: -2507041.7 | F9: =(0.001*101300)/(287*A9) -> 0.00083049805 | G9: =(0.01*101300)/(287*$A9) -> 0.0083049805 | H9: =(0.1*101300)/(287*$A9) -> 0.083049805 | I9: =(1*101300)/(287*$A9) -> 0.83049805 | J9: =B9-287*$A9 -> -2628970.2 | K9: =C9-287*$A9 -> -2629003 | L9: =D9-287*$A9 -> -2629013.4 | M9: =E9-287*$A9 -> -2629016.7
A10: 450 | B10: -2481243.7 | C10: -2481372.1 | D10: -2481412.7 | E10: -2481425.6 | F10: =(0.001*101300)/(287*A10) -> 0.00078435927 | G10: =(0.01*101300)/(287*$A10) -> 0.0078435927 | H10: =(0.1*101300)/(287*$A10) -> 0.078435927 | I10: =(1*101300)/(287*$A10) -> 0.78435927 | J10: =B10-287*$A10 -> -2610393.7 | K10: =C10-287*$A10 -> -2610522.1 | L10: =D10-287*$A10 -> -2610562.7 | M10: =E10-287*$A10 -> -2610575.6
A11: 475 | B11: -2454992.7 | C11: -2455428.1 | D11: -2455565.9 | E11: -2455609.4 | F11: =(0.001*101300)/(287*A11) -> 0.00074307721 | G11: =(0.01*101300)/(287*$A11) -> 0.0074307721 | H11: =(0.1*101300)/(287*$A11) -> 0.074307721 | I11: =(1*101300)/(287*$A11) -> 0.74307721 | J11: =B11-287*$A11 -> -2591317.7 | K11: =C11-287*$A11 -> -2591753.1 | L11: =D11-287*$A11 -> -2591890.9 | M11: =E11-287*$A11 -> -2591934.4
A12: 500 | B12: -2427724.6 | C12: -2429031.1 | D12: -2429444.5 | E12: -2429575.2 | F12: =(0.001*101300)/(287*A12) -> 0.00070592334 | G12: =(0.01*101300)/(287*$A12) -> 0.0070592334 | H12: =(0.1*101300)/(287*$A12) -> 0.070592334 | I12: =(1*101300)/(287*$A12) -> 0.70592334 | J12: =B12-287*$A12 -> -2571224.6 | K12: =C12-287*$A12 -> -2572531.1 | L12: =D12-287*$A12 -> -2572944.5 | M12: =E12-287*$A12 -> -2573075.2
A13: 525 | B13: -2398286.9 | C13: -2401814.1 | D13: -2402931.3 | E13: -2403284.8 | F13: =(0.001*101300)/(287*A13) -> 0.00067230795 | G13: =(0.01*101300)/(287*$A13) -> 0.0067230795 | H13: =(0.1*101300)/(287*$A13) -> 0.067230795 | I13: =(1*101300)/(287*$A13) -> 0.67230795 | J13: =B13-287*$A13 -> -2548961.9 | K13: =C13-287*$A13 -> -2552489.1 | L13: =D13-287*$A13 -> -2553606.3 | M13: =E13-287*$A13 -> -2553959.8
A14: 550 | B14: -2364352 | C14: -2373033.2 | D14: -2375789.4 | E14: -2376662.1 | F14: =(0.001*101300)/(287*A14) -> 0.0006417485 | G14: =(0.01*101300)/(287*$A14) -> 0.006417485 | H14: =(0.1*101300)/(287*$A14) -> 0.06417485 | I14: =(1*101300)/(287*$A14) -> 0.6417485 | J14: =B14-287*$A14 -> -2522202 | K14: =C14-287*$A14 -> -2530883.2 | L14: =D14-287*$A14 -> -2533639.4 | M14: =E14-287*$A14 -> -2534512.1
... A152: 4000 | B152: 26742214 | C152: 27337050 | D152: 28720380 | E152: 26990399 | F152: =(0.001*101300)/(287*A152) -> 8.8240418e-05 | G152: =(0.01*101300)/(287*$A152) -> 0.00088240418 | H152: =(0.1*101300)/(287*$A152) -> 0.0088240418 | I152: =(1*101300)/(287*$A152) -> 0.088240418 | J152: =B152-287*$A152 -> 25594214 | K152: =C152-287*$A152 -> 26189050 | L152: =D152-287*$A152 -> 27572380 | M152: =E152-287*$A152 -> 25842399
